,City,Cloudiness,Country,Date,Humidity,Lat,Lng,Max Temp,Wind Speed
0,Arraial do Cabo,40,BR,1601414055,88,-22.97,-42.03,77.0,8.05
1,Medak,100,IN,1601414056,76,18.03,78.27,75.0,4.92
2,Qingdao,0,CN,1601414056,76,36.1,120.37,61.0,8.95
3,Iquitos,90,PE,1601414056,94,-3.75,-73.25,73.4,9.17
4,Katsuura,96,JP,1601414056,72,35.13,140.3,64.4,14.99
5,Ancud,100,CL,1601414057,96,-41.87,-73.82,36.0,1.99
6,Hurghada,0,EG,1601414057,55,27.26,33.81,86.0,5.82
7,Muborak,70,UZ,1601414057,45,39.26,65.15,52.11,11.41
8,Coahuayana Viejo,75,MX,1601414058,78,18.73,-103.68,80.6,17.22
9,Ushuaia,40,AR,1601414058,60,-54.8,-68.3,41.0,23.04
10,Sabang,100,ID,1601414059,76,5.89,95.32,81.63,4.88
11,Cape Town,0,ZA,1601413769,66,-33.93,18.42,57.0,13.87
12,George Town,20,MY,1601413886,94,5.41,100.34,78.8,4.7
13,Vaini,75,TO,1601414059,88,-21.2,-175.2,78.8,9.17
14,Camacha,40,PT,1601414060,68,33.08,-16.33,69.8,9.17
15,Albany,90,US,1601413946,77,42.6,-73.97,63.0,10.29
16,Port Alfred,49,ZA,1601414060,69,-33.59,26.89,57.22,4.54
17,Kidal,57,ML,1601414061,11,18.44,1.41,95.59,8.48
18,Saint-Philippe,75,RE,1601414006,77,-21.36,55.77,69.8,3.36
19,Calabozo,71,VE,1601414061,85,8.92,-67.43,83.75,4.94
20,Saldanha,0,ZA,1601414061,76,-33.01,17.94,51.8,6.93
21,Flin Flon,75,CA,1601414062,38,54.77,-101.86,60.8,11.41
22,Nishihara,40,JP,1601414062,74,26.18,127.76,78.8,14.99
23,San Miguel de Cozumel,40,MX,1601414062,70,20.51,-86.95,89.6,4.7
24,Sibu,20,MY,1601414063,100,2.3,111.82,75.2,3.36
25,Ribeira Grande,20,PT,1601414063,68,38.52,-28.7,66.2,12.75
26,Peniche,100,PT,1601414063,87,39.36,-9.38,63.0,5.01
27,Kyra,94,RU,1601414064,84,49.58,111.98,34.79,2.06
28,Hong Kong,22,HK,1601413926,86,22.29,114.16,82.0,9.62
29,Hasaki,20,JP,1601414065,82,35.73,140.83,60.8,10.29
30,Mar del Plata,0,AR,1601413765,40,-38.0,-57.56,71.6,13.87
31,Frutal,2,BR,1601414065,17,-20.02,-48.94,95.02,7.96
32,Beloha,16,MG,1601414065,95,-25.17,45.05,66.54,3.69
33,Port Blair,95,IN,1601414066,81,11.67,92.75,80.92,17.31
34,Airai,100,TL,1601414066,75,-8.93,125.41,58.78,3.09
35,Lake City,90,US,1601414066,94,30.19,-82.64,73.99,11.41
36,Narsaq,0,GL,1601414067,82,60.92,-46.05,32.0,1.12
37,Faanui,5,PF,1601414067,79,-16.48,-151.75,78.67,23.15
38,Muyezerskiy,81,RU,1601414067,95,63.93,31.65,46.04,4.43
39,Kamina,99,CD,1601414068,86,-8.74,24.99,67.32,6.33
40,Hirado,42,JP,1601414068,71,33.36,129.55,64.0,10.8
41,Malanje,99,AO,1601414068,80,-9.54,16.34,69.4,2.01
42,Cidreira,63,BR,1601413870,83,-30.18,-50.21,62.71,19.46
43,Hithadhoo,66,MV,1601414053,74,-0.6,73.08,83.07,10.56
44,Antalya Province,20,TR,1601414069,65,36.77,30.72,77.0,4.7
45,Hilo,1,US,1601414069,66,19.73,-155.09,84.2,12.75
46,Vardø,40,NO,1601414070,93,70.37,31.11,50.0,18.34
47,Tuatapere,98,NZ,1601414070,88,-46.13,167.68,45.0,5.01
48,Mataura,100,NZ,1601414070,88,-46.19,168.86,45.0,5.01
49,Provideniya,90,RU,1601414071,74,64.38,-173.3,41.0,6.71
50,Malakal,100,SS,1601414071,90,9.53,31.66,71.47,5.19
51,Kapaa,1,US,1601413774,69,22.08,-159.32,84.0,4.7
52,Hambantota,100,LK,1601414071,77,6.12,81.12,80.22,18.81
53,Karwar,83,IN,1601414072,86,14.8,74.13,76.93,3.91
54,San Cristobal,40,VE,1601413913,38,7.77,-72.22,91.4,16.11
55,Porto-Novo,40,BJ,1601414072,83,6.5,2.6,80.6,14.99
56,Geraldton,75,AU,1601414073,93,-28.77,114.6,48.2,8.05
57,Rikitea,36,PF,1601414008,78,-23.12,-134.97,70.38,20.8
58,Saskylakh,18,RU,1601414073,97,71.92,114.08,25.74,7.0
59,Taoudenni,0,ML,1601414074,9,22.68,-3.98,98.44,10.2
60,Castro,56,BR,1601414074,69,-24.79,-50.01,74.26,6.96
61,Hermanus,11,ZA,1601414074,74,-34.42,19.23,53.01,3.0
62,Tiksi,100,RU,1601414075,96,71.69,128.87,33.3,4.94
63,Rawson,82,AR,1601413986,72,-43.3,-65.1,50.74,13.56
64,Yellowknife,75,CA,1601413926,70,62.46,-114.35,46.4,18.34
65,Marawi,74,PH,1601414076,91,8.0,124.29,72.0,7.0
66,Lod,20,IL,1601414076,83,31.95,34.9,81.0,1.12
67,Celestún,92,MX,1601414077,63,20.87,-90.4,86.61,10.54
68,Walvis Bay,0,NA,1601414077,81,-22.96,14.51,54.0,4.7
69,Gushi,0,CN,1601414077,68,34.64,109.58,65.01,8.03
70,Punta Arenas,40,CL,1601414044,64,-53.15,-70.92,37.4,32.21
71,Marsá Maţrūḩ,0,EG,1601414078,83,31.35,27.25,75.2,5.82
72,Chokurdakh,73,RU,1601414078,96,70.63,147.92,35.44,6.67
73,Bredasdorp,1,ZA,1601414079,87,-34.53,20.04,48.2,3.36
74,Loandjili,20,CG,1601414079,83,-4.76,11.86,77.0,5.82
75,Butaritari,49,KI,1601414079,74,3.07,172.79,82.08,14.14
76,New Norfolk,100,AU,1601414080,71,-42.78,147.06,50.0,2.08
77,Lavrentiya,0,RU,1601414080,78,65.58,-171.0,36.46,1.01
78,Nikolskoye,75,RU,1601414080,87,59.7,30.79,53.01,4.47
79,Cockburn Town,75,TC,1601414081,100,21.46,-71.14,82.4,12.75
80,Hokitika,17,NZ,1601413836,61,-42.72,170.97,47.21,4.18
81,Cururupu,78,BR,1601414081,79,-1.83,-44.87,79.34,4.27
82,Naze,93,JP,1601414082,100,28.37,129.48,73.4,3.36
83,Dikson,100,RU,1601414082,81,73.51,80.55,35.33,15.82
84,Alofi,75,NU,1601414083,83,-19.06,-169.92,78.8,14.99
85,Chapais,90,CA,1601414083,62,49.78,-74.85,57.2,17.22
86,Kropotkin,94,RU,1601414083,49,45.44,40.58,63.12,18.63
87,Ushtobe,0,KZ,1601414084,53,45.25,77.98,44.67,11.81
88,Taft,75,IR,1601414084,17,31.75,54.21,62.6,6.93
89,Torbay,75,CA,1601414084,83,47.67,-52.73,71.6,21.92
90,Gurupá,100,BR,1601414085,52,-1.41,-51.64,87.91,3.04
91,Kalianget,56,ID,1601414085,75,-7.05,113.93,80.33,7.18
92,Quepos,40,CR,1601414085,93,9.42,-84.17,70.0,9.17
93,Cap Malheureux,98,MU,1601414086,80,-19.98,57.61,72.0,1.01
94,Skjervøy,30,NO,1601414086,77,70.03,20.97,52.99,7.07
95,Nanortalik,0,GL,1601414086,75,60.14,-45.24,36.79,25.43
96,Funadhoo,100,MV,1601414087,76,6.15,73.27,81.7,9.62
97,Vestmannaeyjar,99,IS,1601414087,73,63.44,-20.27,45.66,10.38
98,Tasiilaq,75,GL,1601414087,74,65.61,-37.64,33.8,10.29
99,Caravelas,0,BR,1601414088,82,-17.71,-39.25,75.02,8.41
100,Wairoa,54,NZ,1601414088,46,-39.03,177.37,51.58,4.03
101,Kruisfontein,0,ZA,1601414088,85,-34.0,24.73,48.99,5.91
102,Mareeba,40,AU,1601414089,60,-17.0,145.43,73.4,10.29
103,Busselton,86,AU,1601414089,89,-33.65,115.33,54.0,7.85
104,Ilebo,70,CD,1601414090,93,-4.32,20.58,70.81,1.34
105,Baruun-Urt,83,MN,1601414090,64,46.68,113.28,39.18,5.57
106,Muaná,36,BR,1601414090,60,-1.53,-49.22,85.37,5.21
107,Monte Gordo,97,PT,1601414091,56,37.18,-7.45,75.99,5.82
108,Kahului,40,US,1601414091,55,20.89,-156.47,87.8,12.75
109,Jamestown,75,US,1601414091,71,42.1,-79.24,60.01,5.82
110,Port Hedland,35,AU,1601414092,37,-20.32,118.57,66.2,5.82
111,Pangoa,93,PE,1601414092,94,-12.12,-73.0,73.13,1.14
112,Manyana,0,BW,1601414092,25,-23.4,21.72,56.79,10.38
113,Bengkulu,87,ID,1601414093,88,-3.8,102.27,75.31,7.36
114,Menongue,76,AO,1601414093,28,-14.66,17.69,71.04,0.87
115,Puerto Ayora,75,EC,1601414093,69,-0.74,-90.35,75.2,14.99
116,Iwanai,100,JP,1601414094,87,42.97,140.51,53.71,3.51
117,Bulgan,100,MN,1601414094,65,48.81,103.53,40.89,3.4
118,Prince Rupert,90,CA,1601414094,93,54.32,-130.32,55.4,2.24
119,Harper,37,LR,1601414095,90,4.38,-7.72,76.68,8.1
120,Kon Tum,100,VN,1601414095,93,14.35,108.0,70.75,1.21
121,Necochea,0,AR,1601414096,51,-38.55,-58.74,69.01,8.99
122,Fort Nelson,5,CA,1601414096,33,58.81,-122.7,59.0,11.41
123,Udachny,90,RU,1601414096,92,66.42,112.4,23.0,6.71
124,Paamiut,0,GL,1601414097,76,61.99,-49.67,35.62,16.35
125,Padang,75,ID,1601414097,73,-0.95,100.35,76.44,4.9
126,Atuona,18,PF,1601414097,75,-9.8,-139.03,78.1,18.63
127,Khatanga,100,RU,1601414098,99,71.97,102.5,31.48,9.13
128,Havelock,75,US,1601414098,94,34.88,-76.9,77.0,10.29
129,Phan Thiet,100,VN,1601414098,86,10.93,108.1,76.59,6.11
130,Bluff,98,NZ,1601414099,88,-46.6,168.33,45.0,5.01
131,Hobart,90,AU,1601413955,66,-42.88,147.33,53.6,10.29
132,Ankara,20,TR,1601414099,36,39.92,32.85,75.2,14.99
133,Emerald,23,AU,1601413864,82,-23.53,148.17,62.01,5.82
134,Esperance,90,AU,1601414004,100,-33.87,121.9,55.4,8.05
135,Pell City,75,US,1601414011,60,33.59,-86.29,69.8,8.05
136,La Paz,75,BO,1601414084,70,-16.5,-68.15,46.4,5.82
137,Guerrero Negro,0,MX,1601414100,27,27.98,-114.06,93.9,11.36
138,Tarancón,0,ES,1601414101,62,40.01,-3.01,71.01,5.82
139,Qaanaaq,0,GL,1601414101,81,77.48,-69.36,14.79,7.0
140,Batemans Bay,100,AU,1601414102,94,-35.72,150.18,51.01,3.98
141,Dingle,100,PH,1601414102,87,11.0,122.67,74.79,1.54
142,Norman Wells,40,CA,1601414103,75,65.28,-126.83,42.8,11.41
143,Cherskiy,99,RU,1601414103,72,68.75,161.3,39.61,12.93
144,Saint Paul Harbor,90,US,1601414104,81,57.79,-152.41,50.0,20.8
145,Ozernovskiy,89,RU,1601414104,91,51.5,156.52,50.65,12.1
146,Chui,30,UY,1601414105,70,-33.7,-53.46,59.02,9.64
147,Chicama,10,PE,1601414105,58,-7.84,-79.15,71.31,10.09
148,Umm Kaddadah,72,SD,1601414105,45,13.6,26.69,89.06,15.17
149,Haines Junction,79,CA,1601414106,57,60.75,-137.51,45.66,2.01
150,Gondanglegi,9,ID,1601414106,81,-7.75,112.01,75.51,13.04
151,Erdenet,99,MN,1601414107,69,49.03,104.08,38.03,3.78
152,Ixtapa,40,MX,1601414107,70,20.7,-105.2,90.0,5.82
153,Bethel,100,US,1601414107,97,41.37,-73.41,70.0,8.46
154,Ilulissat,62,GL,1601413853,68,69.22,-51.1,26.6,5.82
155,Harrismith,83,ZA,1601414108,90,-28.27,29.13,44.94,8.48
156,Hamilton,40,US,1601414032,63,39.18,-84.53,64.99,6.93
157,Avarua,25,CK,1601414108,78,-21.21,-159.78,78.8,23.04
158,Omīdīyeh,0,IR,1601414109,70,30.76,49.7,86.0,4.7
159,Storm Lake,1,US,1601413816,20,42.64,-95.21,75.2,17.22
160,Banda Aceh,91,ID,1601414109,79,5.56,95.32,79.21,3.4
161,Barrow,90,US,1601414102,97,71.29,-156.79,32.0,9.17
162,Bilibino,100,RU,1601414110,78,68.05,166.44,35.58,2.15
163,Port Macquarie,100,AU,1601414110,85,-31.43,152.92,54.0,7.38
164,Cedar City,1,US,1601414044,12,37.68,-113.06,71.6,6.49
165,Pevek,100,RU,1601414111,78,69.7,170.31,37.56,19.48
166,Acapulco de Juárez,90,MX,1601413895,66,16.86,-99.89,87.8,8.05
167,Thompson,75,CA,1601414106,66,55.74,-97.86,55.4,9.17
168,Milton,100,US,1601414111,97,34.13,-84.3,59.0,1.01
169,Seoul,1,KR,1601413976,93,37.57,126.98,60.8,1.79
170,Mahébourg,40,MU,1601414010,94,-20.41,57.7,71.6,5.82
171,Kaitangata,48,NZ,1601414112,61,-46.28,169.85,44.01,5.01
172,Teguise,20,ES,1601414112,69,29.06,-13.56,73.4,9.17
173,Trat,85,TH,1601414113,67,12.5,102.5,84.99,2.98
174,Tuktoyaktuk,75,CA,1601414113,93,69.45,-133.04,37.4,9.17
175,Kabompo,100,ZM,1601414113,79,-13.59,24.2,65.71,5.37
176,Elizabeth City,75,US,1601414114,83,36.29,-76.25,78.8,12.75
177,Kavieng,37,PG,1601414114,76,-2.57,150.8,81.7,4.63
178,Olinda,75,BR,1601414114,69,-8.01,-34.86,80.6,9.17
179,Vikhorevka,75,RU,1601414115,100,56.12,101.16,30.2,8.95
180,Cabinda,62,AO,1601414115,80,-5.55,12.2,75.04,6.91
181,Hajnówka,99,PL,1601414115,80,52.74,23.58,51.01,1.01
182,Husavik,20,IS,1601414115,77,66.04,-17.34,32.0,4.7
183,Luanda,40,AO,1601414115,83,-8.84,13.23,73.4,6.93
184,Bambous Virieux,40,MU,1601414116,94,-20.34,57.76,72.0,5.82
185,Lebu,99,CL,1601414117,87,-37.62,-73.65,51.1,22.06
186,Maun,0,BW,1601414117,25,-19.98,23.42,77.0,8.05
187,Pacific Grove,0,US,1601414078,88,36.62,-121.92,64.0,5.01
188,Mitsamiouli,3,KM,1601414118,74,-11.38,43.28,76.91,2.57
189,Lambaré,20,PY,1601414118,27,-25.35,-57.61,100.4,14.99
190,Ballina,100,AU,1601414118,100,-28.87,153.57,55.99,4.65
191,Keti Bandar,14,PK,1601414119,80,24.14,67.45,80.62,10.63
192,Bilma,0,NE,1601414119,10,18.69,12.92,94.03,6.04
193,Cayenne,20,GF,1601414119,66,4.93,-52.33,86.0,12.75
194,Surgut,90,RU,1601414120,93,61.25,73.42,41.0,8.95
195,Sur,0,OM,1601414120,54,22.57,59.53,82.36,10.2
196,Lompoc,1,US,1601414092,60,34.64,-120.46,71.6,12.75
197,Meulaboh,100,ID,1601414121,88,4.14,96.13,77.11,5.14
198,Comodoro Rivadavia,90,AR,1601414063,81,-45.87,-67.5,42.8,1.25
199,Lüderitz,0,NA,1601414122,45,-26.65,15.16,60.94,22.17
200,Waingapu,100,ID,1601414122,77,-9.66,120.26,77.31,6.55
201,Valparaíso,20,CL,1601414122,58,-33.04,-71.63,59.0,6.93
202,Inírida,89,CO,1601414123,69,3.87,-67.92,86.23,2.1
203,Srednekolymsk,90,RU,1601414123,86,67.45,153.68,42.22,7.4
204,Touros,38,BR,1601414123,65,-5.2,-35.46,78.8,11.41
205,Lao Cai,96,VN,1601414124,85,22.48,103.95,76.55,1.12
206,Khorinsk,99,RU,1601414124,76,52.17,109.77,38.34,0.58
207,Beringovskiy,18,RU,1601414124,67,63.05,179.32,43.02,1.88
208,Znamenskoye,61,RU,1601414125,88,57.13,73.83,35.06,3.89
209,Ostrovnoy,0,RU,1601414125,78,68.05,39.51,47.46,19.37
210,Teplodar,0,UA,1601414126,100,46.51,30.33,59.0,4.47
211,Broken Hill,1,AU,1601414126,81,-31.95,141.43,53.6,6.93
212,Mogadishu,0,SO,1601414126,81,2.04,45.34,78.1,13.69
213,Bentiu,100,SS,1601414127,92,9.23,29.83,74.21,2.82
214,Mārkāpur,100,IN,1601414127,81,15.73,79.28,78.1,5.01
215,Haapiti,20,PF,1601414127,65,-17.57,-149.87,82.4,10.29
216,Port Hardy,5,CA,1601414128,93,50.7,-127.42,59.0,4.7
217,Kiryat Gat,0,IL,1601414128,35,31.61,34.76,81.0,4.0
218,Cabo San Lucas,5,MX,1601414122,55,22.89,-109.91,93.2,10.29
219,Saint-Pierre,75,RE,1601414129,77,-21.34,55.48,69.8,3.36
220,Klaksvík,1,FO,1601414129,87,62.23,-6.59,50.0,14.99
221,Longyearbyen,75,SJ,1601414129,81,78.22,15.64,44.6,18.34
222,Bahía Blanca,0,AR,1601414106,21,-38.72,-62.27,73.78,10.51
223,East London,100,ZA,1601414005,64,-33.02,27.91,60.3,2.42
224,Leningradskiy,85,RU,1601414131,81,69.38,178.42,35.47,9.33
225,Houston,1,US,1601414054,20,29.76,-95.36,82.4,14.99
226,Carhuaz,81,PE,1601414131,52,-9.28,-77.64,61.61,6.35
227,Jambi City,100,ID,1601414132,92,-1.6,103.62,73.67,2.8
228,Kushiro,100,JP,1601414002,86,42.98,144.37,56.88,6.82
229,Villarrica,91,PY,1601414132,44,-25.75,-56.43,87.91,2.68
230,Almaznyy,94,RU,1601414132,42,48.04,40.05,64.4,26.84
231,Yulara,0,AU,1601414132,77,-25.24,130.99,60.8,3.36
232,Adrar,0,MR,1601414133,16,20.5,-10.07,95.2,7.7
233,Bandarbeyla,93,SO,1601414133,81,9.49,50.81,77.9,22.73
234,Hosangadi,98,IN,1601414134,90,13.7,74.95,73.6,1.7
235,Sakakah,0,SA,1601414134,20,29.97,40.21,84.2,9.17
236,Kalemie,27,CD,1601414134,80,-5.95,29.19,72.59,7.63
237,Sola,30,VU,1601414135,82,-13.88,167.55,80.01,18.84
238,Pangnirtung,20,CA,1601414135,89,66.15,-65.71,32.0,8.05
239,Grindavik,40,IS,1601414136,93,63.84,-22.43,37.4,4.7
240,Basavakalyan,73,IN,1601414136,91,17.87,76.95,71.46,7.54
241,Suhl,80,DE,1601414136,83,50.6,10.7,54.0,2.66
242,Jalu,0,LY,1601413919,20,29.03,21.55,87.08,3.94
243,Cullman,40,US,1601414136,48,34.17,-86.84,69.01,6.93
244,Tocopilla,23,CL,1601414137,52,-22.09,-70.2,67.26,11.34
245,Korla,0,CN,1601414137,64,41.76,86.15,59.0,1.99
246,Ponta do Sol,75,PT,1601414138,73,32.67,-17.1,69.8,9.17
247,Constitución,94,CL,1601414138,74,-35.33,-72.42,53.33,15.68
248,Anadyr,20,RU,1601414138,93,64.75,177.48,39.2,2.24
249,Vostok,0,RU,1601414139,99,46.49,135.88,36.84,2.37
250,Sula,75,PH,1601414139,88,15.46,120.4,77.0,2.24
251,Saint George,1,US,1601414097,10,37.1,-113.58,88.0,1.32
252,Sovetsk,72,RU,1601414139,77,55.08,21.88,53.83,7.31
253,San Miguelito,40,PA,1601414140,79,9.03,-79.5,86.0,11.41
254,Dandong,0,CN,1601414140,78,40.13,124.39,47.61,8.05
255,Shache,9,CN,1601414140,48,38.42,77.24,50.58,3.56
256,Makakilo City,1,US,1601414141,58,21.35,-158.09,86.0,8.05
257,Hualmay,21,PE,1601414141,71,-11.1,-77.61,66.11,10.56
258,Marzuq,21,YE,1601414141,55,14.4,46.47,76.59,5.46
259,Sitka,90,US,1601414142,71,57.05,-135.33,51.8,6.93
260,Balkanabat,0,TM,1601414142,34,39.51,54.37,57.51,4.52
261,Reguengos de Monsaraz,94,PT,1601414143,46,38.43,-7.53,71.6,8.05
262,Lethem,70,GY,1601414143,47,3.38,-59.8,90.99,6.58
263,Upernavik,74,GL,1601414143,88,72.79,-56.15,23.67,6.24
264,Norfolk,1,US,1601414107,64,42.17,-71.25,75.2,10.29
265,Kumul,0,CN,1601414144,44,42.8,93.45,49.77,21.56
266,Ust'-Ilimsk,100,RU,1601414144,97,58.0,102.66,29.16,5.7
267,Berlevåg,5,NO,1601414144,87,70.86,29.09,50.0,14.99
268,Mandapam,92,IN,1601414145,73,9.28,79.12,83.16,16.87
269,Pag,0,HR,1601414145,93,44.45,15.06,50.0,2.24
270,Poya,1,NC,1601414145,68,-21.35,165.15,68.97,11.63
271,Matagami,90,CA,1601414146,71,49.75,-77.63,57.2,11.41
272,Raudeberg,100,NO,1601414146,96,61.99,5.14,51.01,3.29
273,Ayan,65,RU,1601414146,73,56.45,138.17,45.41,10.27
274,Belaya Gora,75,RU,1601414147,89,68.53,146.42,38.17,4.56
275,Farafangana,1,MG,1601414147,91,-22.82,47.83,69.4,7.81
276,Riyadh,0,SA,1601413957,24,24.69,46.72,82.4,4.7
277,Marshall,40,US,1601414147,52,34.38,-86.33,68.0,8.05
278,Kaniama,49,CD,1601414148,91,-7.57,24.18,69.35,3.78
279,Eureka,90,US,1601414037,72,40.8,-124.16,73.4,6.93
280,Mossamedes,56,AO,1601414148,83,-15.2,12.15,62.31,2.98
281,Boende,85,CD,1601414149,95,-0.22,20.87,70.93,2.08
282,Caraz,81,PE,1601414149,48,-9.05,-77.81,66.38,7.18
283,Shenjiamen,9,CN,1601414149,71,29.96,122.3,69.96,10.51
284,Rosarito,1,MX,1601414150,48,32.33,-117.03,87.8,5.82
285,Kiunga,98,PG,1601414150,97,-6.12,141.29,73.49,2.57
286,Kintampo,96,GH,1601414150,94,8.06,-1.73,72.95,4.99
287,Trivandrum,40,IN,1601414151,94,8.48,76.92,80.6,4.94
288,Bowen,40,AU,1601414151,87,-20.02,148.23,60.8,3.36
289,Manta,75,EC,1601413859,74,-0.95,-80.73,78.8,11.41
290,Port Elizabeth,25,ZA,1601414152,93,-33.92,25.57,50.0,4.7
291,Sarangani,99,PH,1601414152,69,5.4,125.46,83.34,8.43
292,Sabana Grande de Boyá,75,DO,1601414152,88,18.95,-69.79,82.4,4.7
293,Östersund,60,SE,1601414150,93,63.18,14.64,50.0,6.93
294,Talnakh,90,RU,1601414153,100,69.49,88.4,35.6,11.18
295,Carnarvon,0,AU,1601414153,82,-24.87,113.63,62.6,13.87
296,Warrington,20,GB,1601414153,87,53.39,-2.58,54.0,4.7
297,Vila Velha,5,BR,1601413947,78,-20.33,-40.29,82.0,10.29
298,Kavaratti,100,IN,1601414154,81,10.57,72.64,80.65,13.62
299,Coruripe,25,BR,1601414154,77,-10.13,-36.18,75.38,9.55
300,Hurricane,1,US,1601414154,10,37.18,-113.29,88.0,5.86
301,Samarai,69,PG,1601414155,84,-10.62,150.67,78.53,16.98
302,São Gabriel da Cachoeira,86,BR,1601414155,63,-0.13,-67.09,87.85,2.48
303,Culpeper,90,US,1601414155,77,38.5,-77.97,66.2,11.41
304,Maragogi,2,BR,1601414117,78,-9.01,-35.22,74.88,7.92
305,Teya,53,RU,1601414156,96,60.38,92.63,27.61,2.8
306,Alenquer,29,BR,1601414156,62,-1.94,-54.74,89.6,8.05
307,Caxito,40,AO,1601414156,83,-8.58,13.66,73.4,6.93
308,Severo-Kuril'sk,80,RU,1601414157,88,50.68,156.12,51.58,10.85
309,Dwārka,0,IN,1601414158,70,22.24,68.97,81.19,10.0
310,Nerchinskiy Zavod,36,RU,1601414158,91,51.31,119.61,33.08,1.28
311,Mount Gambier,90,AU,1601414158,93,-37.83,140.77,53.6,10.29
312,Szécsény,59,HU,1601414159,93,48.08,19.52,54.0,2.24
313,Ichihara,99,JP,1601414069,72,35.52,140.08,64.4,14.99
314,Diego de Almagro,0,CL,1601414159,20,-26.37,-70.05,73.9,6.2
315,São Félix do Xingu,40,BR,1601414160,48,-6.64,-51.99,88.59,1.01
316,Flinders,100,AU,1601414160,85,-34.58,150.86,60.01,1.01
317,Vanavara,0,RU,1601414161,95,60.34,102.28,26.06,3.6
318,Zhangye,95,CN,1601414161,54,38.93,100.45,59.5,6.64
319,Khudumelapye,0,BW,1601414162,19,-23.88,24.75,62.42,12.77
320,Kirakira,1,SB,1601414162,78,-10.45,161.92,80.6,8.21
321,São Filipe,14,CV,1601414163,76,14.9,-24.5,79.97,10.38
322,Iqaluit,20,CA,1601414163,63,63.75,-68.51,30.0,4.7
323,Faya,0,SA,1601414163,72,18.39,42.45,68.0,1.95
324,Khowst,0,AF,1601414164,38,33.38,69.88,65.82,0.63
325,Lumby,1,CA,1601414164,43,50.25,-118.97,69.8,3.36
326,Krasnosel'kup,100,RU,1601414164,84,65.7,82.47,35.73,8.19
327,Bud,90,US,1601414165,67,39.45,-86.18,62.01,9.17
328,Lorengau,31,PG,1601414165,78,-2.02,147.27,81.63,9.08
329,Olafsvik,89,IS,1601414165,85,64.89,-23.71,40.28,11.05
330,Lumeje,100,AO,1601414165,64,-11.55,20.78,73.0,10.92
331,Kieta,91,PG,1601414166,70,-6.22,155.63,80.51,3.69
332,El Salvador,40,SV,1601414166,70,13.83,-88.92,87.8,8.05
333,Kawalu,100,ID,1601414166,91,-7.38,108.21,69.82,0.85
334,Zavetnyy,100,RU,1601414167,55,44.93,41.14,60.53,23.47
335,Puri,90,IN,1601414167,100,19.8,85.85,78.8,8.25
336,Half Moon Bay,5,US,1601414167,57,37.46,-122.43,79.0,9.17
337,Hofn,100,IS,1601414167,89,64.25,-15.21,48.51,18.48
338,Huarmey,44,PE,1601414168,70,-10.07,-78.15,67.23,10.85
339,Muros,0,ES,1601414168,71,42.78,-9.06,60.01,4.0
340,Labuhan,55,ID,1601414168,78,-6.88,112.21,77.81,8.81
341,San Quintín,0,MX,1601414168,32,30.48,-115.95,87.91,12.59
342,Bělá pod Bezdězem,89,CZ,1601414169,85,50.5,14.8,52.0,4.12
343,College,75,US,1601414169,86,64.86,-147.8,48.99,3.36
344,Alta Floresta,49,BR,1601414169,30,-9.88,-56.09,94.32,0.74
345,Shubarshi,0,KZ,1601414170,40,48.59,57.19,54.57,7.56
346,Caranavi,47,BO,1601414170,52,-15.82,-67.55,78.76,4.41
347,Leshukonskoye,76,RU,1601414170,88,64.9,45.76,47.46,4.72
348,Iberia,1,US,1601414171,38,29.95,-91.75,75.2,14.99
349,Macheng,10,CN,1601414171,89,31.18,115.03,63.77,6.33
350,Troitsko-Pechorsk,0,RU,1601414171,92,62.71,56.2,45.12,3.65
351,Kununurra,40,AU,1601414172,88,-15.77,128.73,77.0,4.65
352,Aljezur,93,PT,1601414172,89,37.32,-8.8,60.01,1.99
353,Watertown,75,US,1601414172,69,42.37,-71.18,77.0,11.41
354,Te Anau,46,NZ,1601414173,87,-45.42,167.72,35.98,1.7
355,Portel,100,BR,1601414173,56,-1.94,-50.82,86.4,3.94
356,Virginia Beach,100,US,1601414064,88,36.85,-75.98,78.01,1.99
357,Shakawe,0,BW,1601414173,19,-18.37,21.85,75.99,7.92
358,Dunedin,75,NZ,1601414174,63,-45.87,170.5,44.01,24.0
359,Bull Savanna,30,JM,1601414174,73,17.89,-77.59,83.68,13.49
360,Pesquería,40,MX,1601414174,26,25.78,-100.05,78.8,8.1
361,Hobyo,7,SO,1601414175,85,5.35,48.53,77.25,15.32
362,Fortuna,1,US,1601414175,56,40.6,-124.16,73.4,8.05
363,Karpochóri,20,GR,1601414175,52,39.33,22.02,66.2,4.7
364,Black River,20,JM,1601414175,74,18.03,-77.85,86.0,6.93
365,Hervey Bay,1,AU,1601414176,76,-25.3,152.85,61.0,4.0
366,Manggar,93,ID,1601414176,82,-2.88,108.27,80.62,9.35
367,Itoman,40,JP,1601414177,74,26.12,127.67,78.8,14.99
368,Kota Tinggi,20,MY,1601414177,94,1.74,103.9,75.99,1.19
369,Bolobo,98,CD,1601414177,88,-2.17,16.23,73.71,2.46
370,Antalaha,66,MG,1601414178,82,-14.9,50.28,73.06,5.82
371,Danielskuil,0,ZA,1601414178,42,-28.19,23.54,42.94,7.76
372,Leopold,90,AU,1601414178,87,-38.18,144.47,54.0,8.05
373,Preeceville,34,CA,1601414178,36,51.95,-102.67,59.88,21.74
374,Alice Springs,0,AU,1601414149,88,-23.7,133.88,57.2,6.93
375,São Luís,20,BR,1601413916,74,-2.53,-44.3,84.2,14.99
376,Caucaia,11,BR,1601414179,61,-3.74,-38.65,82.4,12.75
377,Rosehearty,55,GB,1601414179,84,57.7,-2.11,48.0,11.01
378,Arroio Grande,95,BR,1601414179,67,-32.24,-53.09,58.82,8.86
379,Yamada,100,JP,1601414180,71,39.47,141.95,56.75,3.44
380,Shanghai,26,CN,1601413960,73,31.22,121.46,71.01,4.47
381,Machala,75,EC,1601414180,73,-3.27,-79.97,77.0,10.29
382,Shar'ya,100,RU,1601414181,86,58.37,45.51,48.72,4.99
383,Yerbogachën,93,RU,1601414181,92,61.28,108.01,27.12,3.69
384,St. George's,20,GD,1601414181,66,12.06,-61.75,89.6,17.22
385,Nan,97,TH,1601414182,96,18.83,100.67,71.85,0.72
386,Asău,100,RO,1601414182,88,46.43,26.4,54.0,6.35
387,Charters Towers,2,AU,1601414182,79,-20.1,146.27,64.06,12.19
388,Agadez,0,NE,1601414183,11,19.75,10.25,91.36,10.56
389,Port Lincoln,100,AU,1601414183,89,-34.73,135.87,54.9,14.61
390,Yong’an,26,CN,1601414184,83,39.7,113.69,48.99,2.55
391,Mugur-Aksy,74,RU,1601414184,90,50.35,90.5,27.77,2.68
392,Lázaro Cárdenas,38,MX,1601414184,77,17.96,-102.2,82.67,6.78
393,Monrovia,75,LR,1601414185,94,6.3,-10.8,78.8,11.79
394,Uyo,100,NG,1601414180,98,5.03,7.93,72.1,2.51
395,Spornoye,40,RU,1601414185,38,50.84,37.29,60.8,15.66
396,Safford,1,US,1601414177,15,32.83,-109.71,86.0,10.29
397,Muroto-misakicho,100,JP,1601414186,74,33.28,134.15,73.13,10.92
398,Pacifica,40,US,1601414186,64,37.61,-122.49,79.0,17.22
399,Broome,90,US,1601414186,93,42.25,-75.83,57.0,4.7
400,Ailigandí,95,PA,1601414187,74,9.23,-78.02,84.47,8.75
401,Wembley,90,AU,1601414187,87,-31.93,115.8,61.0,1.12
402,Myitkyina,100,MM,1601414187,96,25.38,97.4,74.16,1.05
403,Gamba,6,GA,1601414188,76,-2.65,10.0,75.47,7.43
404,Zabul Province,0,AF,1601414188,41,32.25,67.25,54.97,16.35
405,Amuntai,95,ID,1601414189,96,-2.42,115.25,72.88,1.3
406,Izhevskoye,100,RU,1601414189,55,54.56,40.87,53.42,9.08
407,Portland,0,US,1601414080,34,45.52,-122.68,86.0,1.01
408,Rome,90,US,1601414166,87,43.21,-75.46,55.99,3.36
409,Quatre Cocos,40,MU,1601414190,94,-20.21,57.76,72.0,5.82
410,Les Cayes,12,HT,1601414190,70,18.2,-73.75,85.01,11.39
411,Wanning,83,CN,1601414190,91,18.8,110.4,78.24,2.46
412,Cabra,98,ES,1601414191,37,37.47,-4.44,69.01,3.53
413,Bay Roberts,52,CA,1601414191,1,47.6,-53.26,68.0,13.58
414,Zaysan,100,KZ,1601414191,74,47.47,84.87,40.24,12.5
415,Xuanzhou,6,CN,1601414192,92,30.95,118.76,64.06,1.72
416,Jacareacanga,82,BR,1601414192,56,-6.22,-57.75,84.78,5.39
417,Richards Bay,100,ZA,1601414192,81,-28.78,32.04,62.6,5.12
418,Goderich,100,CA,1601414193,86,43.75,-81.72,63.0,10.16
419,Khanbari,13,NP,1601414193,71,27.37,87.2,69.17,2.57
420,Batticaloa,100,LK,1601414193,80,7.71,81.69,79.34,5.26
421,Phuket,20,TH,1601414194,94,8.0,98.25,82.0,1.12
422,Saint-Louis,12,SN,1601414194,55,16.33,-15.0,91.4,2.24
423,Roebourne,82,AU,1601414194,35,-20.78,117.13,70.16,6.85
424,Serebryansk,75,KZ,1601414195,86,49.69,83.29,37.4,11.18
425,Verāval,27,IN,1601414195,79,20.9,70.37,78.82,10.89
426,Andijan,51,UZ,1601414196,47,40.78,72.34,57.2,4.7
427,Pangody,69,RU,1601414196,90,65.85,74.49,36.12,8.37
428,Finnsnes,75,NO,1601414196,93,69.23,17.98,44.6,5.82
429,Benguela,100,AO,1601414197,78,-12.58,13.41,72.19,4.41
430,Salta,0,AR,1601414197,18,-24.79,-65.41,80.6,8.05
431,Hirara,54,JP,1601414197,72,24.8,125.28,77.97,18.9
432,Lata,55,PT,1601414197,88,40.16,-8.33,66.0,2.06
433,Karpathos,0,GR,1601414198,73,35.51,27.21,75.2,14.99
434,Kolyvan',72,RU,1601414198,86,55.31,82.74,30.2,2.24
435,Saint Anthony,75,US,1601414105,48,45.02,-93.22,64.4,11.41
436,Laguna de Perlas,40,NI,1601414199,78,12.34,-83.67,82.4,4.7
437,Mezhdurechensk,100,RU,1601414199,93,53.69,88.06,37.56,4.83
438,Jiayuguan City,44,CN,1601414199,51,39.82,98.3,47.75,8.43
439,Dargaville,98,NZ,1601414200,67,-35.93,173.88,54.18,8.59
440,Rørvik,100,NO,1601414200,93,64.86,11.24,50.0,5.82
441,Bubaque,47,GW,1601414200,77,11.28,-15.83,82.29,7.29
442,Jardim,41,BR,1601414201,33,-21.48,-56.14,94.39,4.25
443,Syracuse,20,IT,1601414201,88,37.09,15.28,71.6,5.82
444,Moyale,57,KE,1601414201,59,3.52,39.06,73.22,6.22
445,Quixeramobim,2,BR,1601414201,26,-5.2,-39.29,87.89,4.29
446,Fairbanks,75,US,1601413905,100,64.84,-147.72,48.0,3.02
447,La Rioja,0,ES,1601414202,76,42.25,-2.5,57.0,1.12
448,Altamont,1,US,1601414049,20,42.21,-121.74,84.99,3.36
449,Leeton,90,AU,1601414202,81,-34.57,146.4,54.0,3.36
450,Kuytun,100,RU,1601414203,95,54.34,101.5,36.9,13.47
451,Tomatlán,47,MX,1601414203,62,19.93,-105.25,88.36,7.92
452,Pisco,47,PE,1601414203,64,-13.7,-76.22,69.8,17.22
453,Lahat,99,ID,1601414204,86,-3.8,103.53,71.26,2.53
454,Griffith,90,US,1601414204,54,41.53,-87.42,60.01,9.17
455,Bozoum,100,CF,1601414205,92,6.32,16.38,69.96,3.53
456,Avera,90,US,1601414205,72,33.19,-82.53,64.4,8.05
457,Ushibukamachi,100,JP,1601414205,77,32.19,130.02,68.68,1.63
458,Barra dos Coqueiros,40,BR,1601414205,65,-10.91,-37.04,80.6,11.41
459,Aki,100,JP,1601414206,87,33.5,133.9,67.62,2.3
460,Palm Coast,75,US,1601414206,70,29.59,-81.21,84.2,8.05
461,Tiznit Province,0,MA,1601414206,70,29.58,-9.5,69.3,2.53
462,Mercedes,0,AR,1601413949,41,-34.65,-59.43,75.0,1.99
463,Buraidah,0,SA,1601414001,29,26.33,43.98,78.8,4.7
464,Grootfontein,0,NA,1601414207,29,-19.57,18.12,59.86,2.71
465,Khandyga,95,RU,1601414207,89,62.67,135.6,37.33,7.45
466,Lagoa,95,PT,1601414208,66,39.05,-27.98,66.81,9.91
467,Maniitsoq,26,GL,1601414009,87,65.42,-52.9,30.06,5.97
468,Cabedelo,40,BR,1601414208,74,-6.98,-34.83,78.8,11.41
469,Santa Marta,20,CO,1601414208,66,11.24,-74.2,91.4,5.82
470,Clyde River,75,CA,1601414209,79,70.47,-68.59,28.4,12.75
471,Igbo-Ora,59,NG,1601414209,96,7.43,3.28,72.79,5.7
472,Benghazi,0,LY,1601414209,72,32.12,20.07,75.85,18.86
473,Karratha,84,AU,1601414210,43,-20.74,116.85,69.39,6.98
474,Kunduz,90,AF,1601414210,65,36.73,68.86,50.45,2.77
475,Sambava,37,MG,1601414211,82,-14.27,50.17,74.1,9.19
476,Levokumskoye,100,RU,1601414211,59,44.82,44.66,57.81,18.7
477,Madang,55,PG,1601414211,88,-5.22,145.8,77.27,3.91
478,Defiance,90,US,1601414212,48,41.33,-84.45,63.0,6.93
479,Biloela,0,AU,1601414212,71,-24.42,150.5,61.68,7.52
480,Amurzet,0,RU,1601414212,86,47.7,131.1,41.88,4.76
481,Beihai,73,CN,1601414213,85,21.48,109.1,81.18,4.9
482,Tongzi,0,CN,1601414213,88,28.78,105.09,63.81,1.25
483,Bosaso,59,SO,1601414213,62,11.28,49.18,84.51,0.72
484,Saint-Augustin,99,CA,1601414214,87,51.23,-58.65,62.11,19.48
485,Novyy Urgal,70,RU,1601414214,91,51.07,132.56,34.05,1.41
486,Kharan,0,PK,1601414215,22,28.58,65.42,73.33,13.31
487,Antananarivo,20,MG,1601414215,87,-18.91,47.54,57.2,6.93
488,Viedma,63,AR,1601414215,22,-40.81,-63.0,71.31,10.98
489,Laas,40,IT,1601414215,81,46.62,10.7,48.2,4.7
490,Easton,90,US,1601414192,73,40.69,-75.22,75.99,10.29
491,Beaumont,1,US,1601414216,22,30.09,-94.1,80.6,12.75
492,Valle de Allende,0,MX,1601414216,32,26.93,-105.4,70.09,7.81
493,Kundian,0,PK,1601414217,27,32.46,71.48,81.41,2.86
494,Ponta Delgada,20,PT,1601414217,77,37.73,-25.67,66.2,11.41
495,Antofagasta,40,CL,1601414217,72,-23.65,-70.4,60.8,17.22
496,Zhigansk,100,RU,1601414218,94,66.77,123.37,32.05,21.07
497,Aklavik,90,CA,1601414218,86,68.22,-135.01,39.2,5.82
498,Martinsville,90,US,1601413990,100,36.69,-79.87,62.6,11.41
499,Nuuk,20,GL,1601414219,85,64.18,-51.72,32.0,9.17
500,Paka,81,MY,1601414219,94,4.64,103.44,77.0,2.24
501,Talara,1,PE,1601414219,76,-4.58,-81.27,65.48,14.27
502,Waddān,0,LY,1601414220,57,29.16,16.14,79.83,14.74
503,Erenhot,75,CN,1601414220,47,43.65,111.98,48.33,9.73
504,Russell,90,US,1601414220,82,32.35,-85.2,62.6,6.93
505,Stornoway,78,GB,1601414221,76,58.21,-6.39,54.0,21.92
506,Balsas,61,BR,1601414221,23,-7.53,-46.04,93.74,3.91
507,Innisfail,45,AU,1601414221,92,-17.53,146.03,62.01,3.0
508,Ţahţā,0,EG,1601414222,18,26.77,31.5,91.4,9.17
509,Nakusp,0,CA,1601414222,63,50.25,-117.8,64.0,3.0
510,Nome,40,US,1601414223,72,64.5,-165.41,42.8,6.93
511,Edd,9,ER,1601414167,66,13.93,41.69,87.75,5.37
512,Tongliao,0,CN,1601414011,62,43.61,122.27,43.68,3.74
513,Kashin,98,RU,1601414224,64,57.36,37.61,52.12,7.56
514,Cap-aux-Meules,20,CA,1601414042,77,47.38,-61.86,69.8,17.22
515,Moussoro,76,TD,1601414224,54,13.64,16.49,86.29,6.02
516,Tlaltenango,90,MX,1601414225,76,19.17,-98.33,57.2,20.8
517,Salalah,9,OM,1601414225,88,17.02,54.09,77.0,5.82
518,Şereflikoçhisar,5,TR,1601414225,52,38.94,33.54,69.28,11.18
519,Ada,1,US,1601414226,23,43.42,-116.13,77.0,0.56
520,Klyuchi,5,RU,1601414226,86,52.27,79.17,34.83,6.13
521,Deputatsky,91,RU,1601414226,99,69.3,139.9,31.68,2.57
522,Itarema,8,BR,1601414227,74,-2.92,-39.92,79.03,18.84
523,Zyryanka,99,RU,1601414227,87,65.75,150.85,45.01,7.76
524,Oliver,5,CA,1601414227,43,49.18,-119.55,69.8,10.29
525,Lakatoro,75,VU,1601414228,83,-16.1,167.42,77.0,1.12
526,Hailar,95,CN,1601414228,79,49.2,119.7,36.93,6.35
527,Tokur,89,RU,1601414228,94,53.13,132.9,34.47,0.04
528,Margate,21,GB,1601414228,86,51.38,1.39,60.01,5.99
529,Krishnanagar,100,IN,1601414229,88,23.4,88.5,80.55,3.62
530,Vila Franca do Campo,20,PT,1601414229,77,37.72,-25.43,66.2,11.41
531,Manakara,1,MG,1601414230,91,-22.13,48.02,68.02,7.25
532,Koudougou,18,BF,1601414230,55,12.25,-2.37,84.45,7.85
533,Nantucket,90,US,1601414230,92,41.28,-70.1,70.0,9.17
534,Le Marin,75,MQ,1601414231,88,14.47,-60.87,82.4,13.87
535,Aracati,23,BR,1601414231,74,-4.56,-37.77,78.78,14.74
536,Aranos,0,NA,1601414231,26,-24.13,19.12,56.68,14.03
537,Iguatemi,36,BR,1601414231,46,-23.68,-54.56,88.92,5.08
538,Timmins,75,CA,1601413952,87,48.47,-81.33,55.4,8.05
539,Bagdarin,100,RU,1601414232,94,54.43,113.6,32.67,0.89
540,The Valley,75,AI,1601414232,83,18.22,-63.06,82.0,21.92
541,Atasū,0,KZ,1601414233,90,48.68,71.64,45.7,9.73
542,Kenai,1,US,1601414233,61,60.55,-151.26,51.01,11.41
543,Kautokeino,17,NO,1601414233,91,69.01,23.04,40.5,4.0
544,Bima,71,ID,1601414234,87,-8.47,118.72,74.77,3.67
545,Coquimbo,20,CL,1601414100,55,-29.95,-71.34,60.8,12.75
546,Trelew,75,AR,1601413983,62,-43.25,-65.31,53.78,16.37
547,Bonavista,27,CA,1601414235,82,48.65,-53.11,63.75,18.54
548,Emba,0,KZ,1601414235,41,48.83,58.14,54.03,7.31
549,Tallahassee,90,US,1601413938,77,30.44,-84.28,64.4,12.75
550,Kota Kinabalu,20,MY,1601414181,88,5.97,116.07,75.2,5.82
551,Japura,100,ID,1601414236,89,-0.32,102.35,73.85,1.86
